,rouge1,rouge2,rougeL,rougeLsum
bart_baseline,0.3435677847264907,0.2380172271572634,0.2576727384076905,0.2574992534692045
bart_finetuned_1_ep,0.7251790845168467,0.633355190320482,0.5040577712148951,0.5038004591083669
bart_finetuned_4_ep,0.771323591377515,0.6922320647229996,0.5582397273618096,0.5588417849138896
